INSERT INTO users (id, email, password, full_name, role, created_at, updated_at) VALUES ('550e8400-e29b-41d4-a716-446655440000', 'admin@amalitech.com', '$2a$10$yGdqJexElrJF8JwJUrL7aeVFtogIF5BfEhIls7TxLcpM6Q06WgNTa', 'Admin User', 'ADMIN', NOW(), NOW()),('550e8400-e29b-41d4-a716-446655440001', 'user@amalitech.com', '$2a$10$yGdqJexElrJF8JwJUrL7aeVFtogIF5BfEhIls7TxLcpM6Q06WgNTa', 'Regular User', 'USER', NOW(), NOW()) ON CONFLICT DO NOTHING;
INSERT INTO polls (id, title, description, status, creator_id, multi_select, created_at, updated_at, expires_at) VALUES ('660e8400-e29b-41d4-a716-446655440001', 'Best Programming Language', 'Vote for your favorite', 'ACTIVE', '550e8400-e29b-41d4-a716-446655440000', true, NOW(), NOW(), NOW() + INTERVAL '30 days'), ('660e8400-e29b-41d4-a716-446655440002', 'Preferred Work Model', 'What arrangement do you prefer?', 'ACTIVE', '550e8400-e29b-41d4-a716-446655440000', false, NOW(), NOW(), NOW() + INTERVAL '14 days'), ('660e8400-e29b-41d4-a716-446655440003', 'Favorite Frontend Framework', 'Which do you use most?', 'ACTIVE', '550e8400-e29b-41d4-a716-446655440001', false, NOW(), NOW(), NOW() + INTERVAL '7 days') ON CONFLICT DO NOTHING;
INSERT INTO poll_options (id, poll_id, option_text) VALUES ('770e8400-e29b-41d4-a716-446655440001', '660e8400-e29b-41d4-a716-446655440001', 'Java'), ('770e8400-e29b-41d4-a716-446655440002', '660e8400-e29b-41d4-a716-446655440001', 'Python'), ('770e8400-e29b-41d4-a716-446655440003', '660e8400-e29b-41d4-a716-446655440001', 'JavaScript'), ('770e8400-e29b-41d4-a716-446655440004', '660e8400-e29b-41d4-a716-446655440002', 'Remote'), ('770e8400-e29b-41d4-a716-446655440005', '660e8400-e29b-41d4-a716-446655440002', 'Hybrid'), ('770e8400-e29b-41d4-a716-446655440006', '660e8400-e29b-41d4-a716-446655440003', 'React') ON CONFLICT DO NOTHING;
INSERT INTO votes (id, poll_id, option_id, user_id, created_at) VALUES (gen_random_uuid(), '660e8400-e29b-41d4-a716-446655440001', '770e8400-e29b-41d4-a716-446655440001', '550e8400-e29b-41d4-a716-446655440000', NOW()), (gen_random_uuid(), '660e8400-e29b-41d4-a716-446655440001', '770e8400-e29b-41d4-a716-446655440002', '550e8400-e29b-41d4-a716-446655440001', NOW()) ON CONFLICT DO NOTHING;